INSERT INTO UNIVERSITY (ID, ADDRESS, NAME) values (1,'ул. Независимости 4','БГУ');
INSERT INTO UNIVERSITY (ID, ADDRESS, NAME) values (2,'ул. Независимости 60','БГУИР');

INSERT INTO ROOM (ID, CAPACITY, NUMBER, UNIVERSITY_ID) values (1,100,'605',1);
INSERT INTO ROOM (ID, CAPACITY, NUMBER, UNIVERSITY_ID) values (2,60,'312а',1);
INSERT INTO ROOM (ID, CAPACITY, NUMBER, UNIVERSITY_ID) values (3,19,'605',2);
INSERT INTO ROOM (ID, CAPACITY, NUMBER, UNIVERSITY_ID) values (4,75,'312а',2);

INSERT INTO SUBJECT (ID, CODE, NAME) values (1,'001','Русский язык');
INSERT INTO SUBJECT (ID, CODE, NAME) values (2,'002','Математика');
INSERT INTO SUBJECT (ID, CODE, NAME) values (3,'003','Физика');
INSERT INTO SUBJECT (ID, CODE, NAME) values (4,'004','Английский язык');

INSERT INTO AVAILABLE_SUBJECT (SUBJECT_ID, UNIVERSITY_ID) values (1,1);
INSERT INTO AVAILABLE_SUBJECT (SUBJECT_ID, UNIVERSITY_ID) values (1,2);
INSERT INTO AVAILABLE_SUBJECT (SUBJECT_ID, UNIVERSITY_ID) values (1,3);
INSERT INTO AVAILABLE_SUBJECT (SUBJECT_ID, UNIVERSITY_ID) values (2,1);
INSERT INTO AVAILABLE_SUBJECT (SUBJECT_ID, UNIVERSITY_ID) values (2,2);
INSERT INTO AVAILABLE_SUBJECT (SUBJECT_ID, UNIVERSITY_ID) values (2,4);

INSERT INTO USERS (ID, EMAIL, FIRST_NAME, LAST_NAME, MIDDLE_NAME, PASSWORD) values (1, 'mega-methodist@gmail.com', 'Мэри', 'Пшглавскя', 'Брахманович', '123456');
INSERT INTO METHODIST (ID, UNIVERSITY_ID) values (1, 1);

INSERT INTO USERS (ID, EMAIL, FIRST_NAME, LAST_NAME, MIDDLE_NAME, PASSWORD) values (2, 'mega-enrollee@gmail.com', 'Дэвид', 'Брглбджавский', 'Исенеевич', '123456');
INSERT INTO ENROLLEE (ID, PASSPORT_ID, PHONE_NUMBER) values (2, '320112001A000PB0', '+375291234567');