INSERT INTO UNIVERSITY (ID, ADDRESS, NAME) values (1,'ул. Независимости 4','БГУ');
INSERT INTO UNIVERSITY (ID, ADDRESS, NAME) values (2,'ул. Независимости 60','БГУИР');

INSERT INTO ROOM (ID, CAPACITY, NUMBER, UNIVERSITY_ID) values (1,3,'605',1);
INSERT INTO ROOM (ID, CAPACITY, NUMBER, UNIVERSITY_ID) values (2,3,'312а',1);
INSERT INTO ROOM (ID, CAPACITY, NUMBER, UNIVERSITY_ID) values (3,3,'510',1);
INSERT INTO ROOM (ID, CAPACITY, NUMBER, UNIVERSITY_ID) values (4,3,'104',2);
INSERT INTO ROOM (ID, CAPACITY, NUMBER, UNIVERSITY_ID) values (5,3,'206',2);

INSERT INTO SUBJECT (ID, CODE, NAME) values (1,'001','Русский язык');
INSERT INTO SUBJECT (ID, CODE, NAME) values (2,'002','Математика');
INSERT INTO SUBJECT (ID, CODE, NAME) values (3,'003','Физика');
INSERT INTO SUBJECT (ID, CODE, NAME) values (4,'004','Английский язык');

INSERT INTO AVAILABLE_SUBJECT (SUBJECT_ID, UNIVERSITY_ID) values (1,1);
INSERT INTO AVAILABLE_SUBJECT (SUBJECT_ID, UNIVERSITY_ID) values (1,2);
INSERT INTO AVAILABLE_SUBJECT (SUBJECT_ID, UNIVERSITY_ID) values (1,3);
INSERT INTO AVAILABLE_SUBJECT (SUBJECT_ID, UNIVERSITY_ID) values (2,1);
INSERT INTO AVAILABLE_SUBJECT (SUBJECT_ID, UNIVERSITY_ID) values (2,2);
INSERT INTO AVAILABLE_SUBJECT (SUBJECT_ID, UNIVERSITY_ID) values (2,4);

INSERT INTO TEST (ID, DATE, TYPE, ROOM_ID, SUBJECT_ID) values (1, '2016-12-01T10:00:00', 'РТ', 1, 1);
INSERT INTO TEST (ID, DATE, TYPE, ROOM_ID, SUBJECT_ID) values (2, '2016-12-10T12:00:00', 'РТ', 2, 1);
INSERT INTO TEST (ID, DATE, TYPE, ROOM_ID, SUBJECT_ID) values (3, '2016-12-18T09:00:00', 'РТ', 3, 2);
INSERT INTO TEST (ID, DATE, TYPE, ROOM_ID, SUBJECT_ID) values (4, '2017-06-25T11:00:00', 'ЦТ', 4, 3);
INSERT INTO TEST (ID, DATE, TYPE, ROOM_ID, SUBJECT_ID) values (5, '2017-06-26T11:00:00', 'ЦТ', 5, 4);

--password=123456
INSERT INTO USERS (ID, EMAIL, FIRST_NAME, LAST_NAME, MIDDLE_NAME, PASSWORD) values (1, 'mary@gmail.com', 'Мэри', 'Пшглавская', 'Брахманович', '$2a$06$ZmJOYeS96R26lH4ACNIa2OihhaqborMuqZqQ17ESuxDa7l0XKhGHm');
INSERT INTO METHODIST (ID, UNIVERSITY_ID) values (1, 1);

INSERT INTO USERS (ID, EMAIL, FIRST_NAME, LAST_NAME, MIDDLE_NAME, PASSWORD) values (2, 'david@gmail.com', 'Дэвид', 'Брглбджавский', 'Исенеевич', '$2a$06$ZmJOYeS96R26lH4ACNIa2OihhaqborMuqZqQ17ESuxDa7l0XKhGHm');
INSERT INTO ENROLLEE (ID, PASSPORT_ID, PHONE_NUMBER) values (2, '320112001A000PB0', '+375291234567');

INSERT INTO USERS (ID, EMAIL, FIRST_NAME, LAST_NAME, MIDDLE_NAME, PASSWORD) values (3, 'ivan@gmail.com', 'Айвэн', 'Мкртчян', 'Антуанович', '$2a$06$ZmJOYeS96R26lH4ACNIa2OihhaqborMuqZqQ17ESuxDa7l0XKhGHm');
INSERT INTO ENROLLEE (ID, PASSPORT_ID, PHONE_NUMBER) values (3, '430072001A000PB1', '+375291234567');